{
    "configurations": [
        {
            "name": "Linux",
            "includePath": [
                "${workspaceFolder}/**",
                "/home/zzk/linux/IMX6ULL/linux/linux-imx-rel_imx_4.1.15_2.1.0_ga_alientek/include", 
                "/home/zzk/linux/IMX6ULL/linux/linux-imx-rel_imx_4.1.15_2.1.0_ga_alientek/arch/arm/include", 
                "/home/zzk/linux/IMX6ULL/linux/linux-imx-rel_imx_4.1.15_2.1.0_ga_alientek/arch/arm/include/generated/"
            ],
            "defines": [],
            "compilerPath": "/usr/bin/clang",
            "cStandard": "c11",
            "cppStandard": "c++17",
            "intelliSenseMode": "clang-x64"
        }
    ],
    "version": 4
}